{
  "age_group": {
    "precision": 1.0,
    "recall": 1.0,
    "f1-score": 1.0,
    "support": 28.0,
    "confused_with": {}
  },
  "duration": {
    "precision": 1.0,
    "recall": 1.0,
    "f1-score": 1.0,
    "support": 33.0,
    "confused_with": {}
  },
  "symptoms": {
    "precision": 1.0,
    "recall": 1.0,
    "f1-score": 1.0,
    "support": 92.0,
    "confused_with": {}
  },
  "medications": {
    "precision": 1.0,
    "recall": 0.9722222222222222,
    "f1-score": 0.9859154929577465,
    "support": 36.0,
    "confused_with": {}
  },
  "micro avg": {
    "precision": 1.0,
    "recall": 0.9947089947089947,
    "f1-score": 0.9973474801061007,
    "support": 189.0
  },
  "macro avg": {
    "precision": 1.0,
    "recall": 0.9930555555555556,
    "f1-score": 0.9964788732394366,
    "support": 189.0
  },
  "weighted avg": {
    "precision": 1.0,
    "recall": 0.9947089947089947,
    "f1-score": 0.9973172367538565,
    "support": 189.0
  },
  "accuracy": 0.9991119005328597
}